ID;Name;Kategorie;Icon;Vorschlaege;SaisonMonate
apfel;Äpfel;Obst;Apple;Gala,Elstar,Braeburn,Granny Smith,1kg,500g;8,9,10,11
banane;Bananen;Obst;Banana;Chiquita,Bio,1 Büschel,500g,1kg,3 Stk;
erdbeeren;Erdbeeren;Obst;Cherry;500g Schale,250g,Bio,1kg;5,6,7
himbeeren;Himbeeren;Obst;Cherry;125g,250g,Frisch;6,7,8
heidelbeeren;Heidelbeeren / Blaubeeren;Obst;Cherry;125g,250g,Bio;6,7,8,9
brombeeren;Brombeeren;Obst;Cherry;125g Schale,Frisch;7,8,9
johannisbeeren;Johannisbeeren;Obst;Cherry;Rot,Schwarz,250g;6,7
stachelbeeren;Stachelbeeren;Obst;Cherry;Grün,Rot,500g;6,7
zitronen;Zitronen;Obst;Citrus;Bio unbehandelt,Netz 500g,2 Stk;
limette;Limetten;Obst;Citrus;Unbehandelt,3er Pack,1 Stk;
orangen;Orangen;Obst;Citrus;Saftorangen,1.5kg Netz,Bio;11,12,1,2,3
blutorange;Blutorangen;Obst;Citrus;1kg Netz,Sizilianisch;1,2,3
mandarinen;Mandarinen;Obst;Citrus;Clementinen,1kg Kiste,Kernlos;11,12,1
clementinen;Clementinen;Obst;Citrus;Kernlos,750g Beutel;11,12,1
grapefruit;Grapefruit;Obst;Citrus;Rosa,Rot,2 Stk;11,12,1,2
kumquats;Kumquats;Obst;Citrus;250g Schale,Bio;
weintrauben;Weintrauben;Obst;Cherry;Kernlos,Helle Trauben,Dunkle Trauben,500g;8,9,10
birne;Birnen;Obst;Apple;Abate Fetel,Williams,1kg;8,9,10,11
kiwi;Kiwis;Obst;Apple;Grün,Gold,4 Stk;
wassermelone;Wassermelone;Obst;Apple;1/2 Melone,1/4 Melone,Ganz;6,7,8
galiamelone;Galiamelone;Obst;Apple;1 Stk,Süß;6,7,8
honigmelone;Honigmelone;Obst;Apple;Gelb,1 Stk;6,7,8
cantaloupe;Cantaloupe-Melone;Obst;Apple;1 Stk,Süß;6,7,8
pfirsich;Pfirsiche;Obst;Apple;Plattpfirsiche,1kg,500g;6,7,8,9
nektarine;Nektarinen;Obst;Apple;Gelbfleischig,Weißfleischig,1kg;6,7,8,9
aprikose;Aprikosen;Obst;Apple;500g Schale,1kg;6,7,8
kirschen;Kirschen;Obst;Cherry;Süßkirschen,Sauerkirschen,500g;6,7
pflaumen;Pflaumen;Obst;Apple;Blau,500g,1kg;7,8,9
zwetschgen;Zwetschgen;Obst;Apple;1kg Korb,Zum Backen;8,9
mirabellen;Mirabellen;Obst;Apple;Gelb,500g;8,9
ananas;Ananas;Obst;Apple;Sweet,1 Stk,Flugananas;
mango;Mango;Obst;Apple;Essreif,Flugmango,1 Stk;
papaya;Papaya;Obst;Apple;1 Stk,Bio;
feigen;Feigen;Obst;Apple;Frisch 4er Pack,Türkisch;8,9,10
datteln;Datteln;Obst;Nut;Medjool 200g,Getrocknet;
granatapfel;Granatapfel;Obst;Apple;1 Stk,Kerne;9,10,11,12
maracuja;Maracuja / Passionsfrucht;Obst;Apple;2 Stk,Süß;
drachenfrucht;Drachenfrucht;Obst;Apple;Rot,Weiß,1 Stk,Pitaya;
kaki;Kaki / Sharonfrucht;Obst;Apple;Essreif,2 Stk;10,11,12,1
preiselbeeren;Preiselbeeren;Obst;Cherry;Glas 250g,Frisch;
cranberrys;Cranberrys;Obst;Cherry;Frisch 300g,Getrocknet;
rhabarber;Rhabarber;Obst;Carrot;1 Bund,500g;4,5,6
lychee;Litchis;Obst;Cherry;Frisch 250g;12,1
kokosnuss;Kokosnuss;Obst;Nut;1 Stk,Trinkkokosnuss;
quitten;Quitten;Obst;Apple;1kg,Zum Gelee;9,10,11
sanddorn;Sanddorn;Obst;Cherry;Beeren,Saft 330ml;
physalis;Physalis;Obst;Cherry;100g Schale,Kapstachelbeere;
sternfrucht;Sternfrucht (Carambola);Obst;Star;1 Stk,Deko;
guave;Guave;Obst;Apple;1 Stk,Frisch;
hagebutten;Hagebutten;Obst;Cherry;Tee,Frisch;
tomaten;Tomaten;Gemüse;Carrot;Strauchtomaten,Rispen,Cocktail,Roma,500g;6,7,8,9
gurke;Gurke;Gemüse;Carrot;Salatgurke,Mini-Gurken,1 Stk,2 Stk;6,7,8,9
zucchini;Zucchini;Gemüse;Carrot;Grün,Gelb,500g,2 Stk;6,7,8,9
karotten;Karotten / Möhren;Gemüse;Carrot;1kg Beutel,Bund,500g,Bio;7,8,9,10,11,12,1,2
paprika;Paprika;Gemüse;Carrot;Rot,Gelb,Grün,3er Mix,500g;7,8,9,10
zwiebeln;Zwiebeln;Gemüse;Carrot;Gelb,Rot,Schalotten,1kg Netz,500g;
schalotten;Schalotten;Gemüse;Carrot;250g Netz,Französisch;
fruhlingszwiebeln;Frühlingszwiebeln / Lauchzwiebeln;Gemüse;Carrot;1 Bund,2 Bünde;
knoblauch;Knoblauch;Gemüse;Carrot;1 Knolle,3er Pack,Zehen;
kartoffeln;Kartoffeln;Gemüse;Carrot;Festkochend,Mehligkochend,Vorwiegend fest,2.5kg,1kg;
susskartoffeln;Süßkartoffeln;Gemüse;Carrot;1kg,2 Stk,Bio;
brokkoli;Brokkoli;Gemüse;Salad;500g Kopf,1 Stk;6,7,8,9,10
blumenkohl;Blumenkohl;Gemüse;Salad;1 Kopf,Frisch;6,7,8,9,10
spinat;Spinat;Gemüse;Leaf;Blattspinat,Rahmspinat,Baby-Spinat,500g;4,5,9,10
eisbergsalat;Eisbergsalat;Gemüse;Salad;1 Kopf,Knackig;6,7,8,9
kopfsalat;Kopfsalat;Gemüse;Salad;1 Kopf,Frisch;5,6,7,8
rucola;Rucola;Gemüse;Leaf;125g Schale,Bio;5,6,7,8,9
feldsalat;Feldsalat / Nüsslisalat;Gemüse;Leaf;150g Schale,Geputzt;10,11,12,1,2
champignons;Champignons;Gemüse;Carrot;Weiß,Braune Champignons,400g,250g;
kurbis;Kürbis;Gemüse;Carrot;Hokkaido,Butternut,1 Stk;9,10,11
lauch;Lauch / Porree;Gemüse;Carrot;1 Stange,500g;9,10,11,12,1,2
auberginen;Auberginen;Gemüse;Carrot;1 Stk,2 Stk,Dunkelblau;7,8,9
radieschen;Radieschen;Gemüse;Carrot;1 Bund,Knackig;5,6,7,8,9
spargel;Spargel;Gemüse;Carrot;Weiß 500g,Grün 500g,1kg;4,5,6
sellerie;Knollensellerie;Gemüse;Carrot;1 Knolle,Halber Kopf;9,10,11,12,1
staudensellerie;Staudensellerie / Stangensellerie;Gemüse;Carrot;1 Staudenstrunk,500g;
rotkohl;Rotkohl / Rotkraut;Gemüse;Salad;1 Kopf,Glas 680g;9,10,11,12,1
weisskohl;Weißkohl;Gemüse;Salad;1 Kopf,Zum Eisbein;9,10,11,12,1
grunkohl;Grünkohl;Gemüse;Leaf;Frisch 1kg,TK;11,12,1,2
rosenkohl;Rosenkohl;Gemüse;Salad;500g Netz,Frisch;10,11,12,1
wirsing;Wirsing;Gemüse;Salad;1 Kopf,500g;9,10,11,12
chinakohl;Chinakohl;Gemüse;Salad;1 Kopf,Zum Wok;
pakchoi;Pak Choi;Gemüse;Leaf;2er Pack,Mini Pak Choi;
erbsen;Erbsen;Gemüse;Carrot;Frisch Schoten,TK 450g,Dose;6,7
bohnen;Grüne Bohnen / Buschbohnen;Gemüse;Carrot;500g Beutel,Prinzessbohnen;7,8,9
dickebohnen;Dicke Bohnen / Saubohnen;Gemüse;Carrot;Frisch,Glas 400g;6,7
linsen;Linsen;Gemüse;Nut;Brown 500g,Rote Linsen,Beluga,Tellerlinsen;
kichererbsen;Kichererbsen;Gemüse;Nut;Dose 400g,Getrocknet 500g;
mais;Zuckermais;Gemüse;Carrot;Frisch 2er Kolben,Dose 300g;8,9,10
fenchel;Fenchel;Gemüse;Carrot;2 Knollen,500g;6,7,8,9,10
meerrettich;Meerrettich;Gemüse;Carrot;Stange,Glas geraspelt;
rote_bete;Rote Bete;Gemüse;Carrot;Vakuumiert 500g,Frisch;9,10,11,12,1
pastinaken;Pastinaken;Gemüse;Carrot;500g Beutel,Bio;10,11,12,1,2
petersilienwurzel;Petersilienwurzel;Gemüse;Carrot;1 Bund,Für Suppengrün;10,11,12
mangold;Mangold;Gemüse;Leaf;1 Bund,Bunt;6,7,8,9,10
chicoree;Chicorée;Gemüse;Salad;500g Packung,3 Stk;11,12,1,2,3
endivie;Endiviensalat;Gemüse;Salad;1 Kopf,Kraus;9,10,11,12
kresse;Gartenkresse;Gemüse;Leaf;1 Kästchen,Frisch;
bambussprossen;Bambussprossen;Gemüse;Carrot;Dose 300g,Streifen;
suppengrun;Suppengrün / Suppengemüse;Gemüse;Carrot;1 Bund frisch,TK;
brot;Brot;Brot & Gebäck;Wheat;Vollkornbrot,Weltmeisterbrot,Graubrot,Dinkelbrot,Eiweißbrot,Mehrkornbrot,Walnussbrot,Kürbiskernbrot,Mischbrot,Toastbrot,Baguette,1 Laib;
brotchen;Brötchen;Brot & Gebäck;Wheat;Weizen,Kaiser,Vollkorn,Mehrkorn,Weltmeister,Aufbackbrötchen,Körnerecke,4 Stk,6 Stk;
toast;Toastbrot;Brot & Gebäck;Wheat;Buttertoast,Vollkorntoast,500g,750g;
baguette;Baguette;Brot & Gebäck;Wheat;Frisch,Zum Aufbacken,2 Stk;
croissant;Croissant;Brot & Gebäck;Wheat;Buttercroissant,Schoko,2 Stk,6er Pack,Aufback-Croissants;
brezel;Laugenbrezel;Brot & Gebäck;Wheat;2 Stk,Mit Salz;
knackebrot;Knäckebrot;Brot & Gebäck;Wheat;Wasa Original,Vollkorn,Sesam;
pita;Pita-Brot;Brot & Gebäck;Wheat;4er Pack,Zum Füllen;
pizzateig;Pizzateig;Brot & Gebäck;Pizza;Mit Soße,XXL Blech;
pumpernickel;Pumpernickel;Brot & Gebäck;Wheat;500g Packung,Schwarzbrot;
naanbrot;Naan-Brot;Brot & Gebäck;Wheat;Knoblauch,Koriander,2er Pack;
ciabatta;Ciabatta;Brot & Gebäck;Wheat;Oliven,Natur,300g;
focaccia;Focaccia;Brot & Gebäck;Wheat;Rosmarin,Tomate,1 Stk;
rosinenbrot;Rosinenbrot;Brot & Gebäck;Wheat;Mit Butter,500g;
franzbrotchen;Franzbrötchen;Brot & Gebäck;Wheat;Zimt,2 Stk;
schokobrotchen;Schokobrötchen;Brot & Gebäck;Wheat;4er Pack,Soft;
milchbrotchen;Milchbrötchen;Brot & Gebäck;Wheat;10er Pack,Soft;
donut;Donut;Brot & Gebäck;Cookie;Schoko,Zucker,Pink Glaze,Spritzring,2 Stk;
muffin;Muffins;Brot & Gebäck;Cake;Schoko,Blaubeer,4er Pack;
bagel;Bagel;Brot & Gebäck;Wheat;Sesam,Everything,4er Pack;
wraps;Tortilla-Wraps;Brot & Gebäck;Wheat;6er Pack,Vollkorn,Weizen;
tacoshells;Taco-Shells;Brot & Gebäck;Wheat;12er Pack,Knusprig;
burgerbuns;Burger-Buns;Brot & Gebäck;Sandwich;Brioche,Sesam,4er Pack;
hotdogbuns;Hotdog-Buns;Brot & Gebäck;Sandwich;4er Pack,Soft;
brioche;Brioche-Zopf;Brot & Gebäck;Wheat;400g,Butter;
grissini;Grissini;Brot & Gebäck;Wheat;125g Packung,Sesam;
zwieback;Zwieback;Brot & Gebäck;Wheat;Brandt,225g;
filoteig;Filoteig / Yufkateig;Brot & Gebäck;Wheat;250g Kühlung;
blatterteig;Blätterteig;Brot & Gebäck;Wheat;Rolle Kühlung 275g,TK;
flammkuchenteig;Flammkuchenteig;Brot & Gebäck;Wheat;Frischrolle 260g;
murbeteig;Mürbeteig;Brot & Gebäck;Wheat;Rolle Kühlung;
hefegeback;Hefezopf;Brot & Gebäck;Wheat;Mit Hagelzucker,500g;
krapfen;Berliner;Brot & Gebäck;Cookie;Mit Marmelade,2 Stk;
nussschnecke;Nuss-Schnecke;Brot & Gebäck;Cookie;1 Stk,Frisch;
apfeltasche;Apfeltasche;Brot & Gebäck;Cookie;2 Stk,Blätterteig;
stollen;Christstollen;Brot & Gebäck;Wheat;Dresdner 500g,Marzipan;11,12
milch;Milch;Milchprodukte;Milk;Vollmilch 3.5%,Fettarm 1.5%,Hafermilch,Laktosefrei,1l,2l;
schlagsahne;Schlagsahne;Milchprodukte;Milk;200g Becher,30% Fett,2er Pack;
joghurt;Joghurt;Milchprodukte;Milk;3.5% Fett,1.5% Fett,500g Glas,1kg,500g Becher,Vanille,150g Becher,4er Pack,Erdbeere,4x125g,Frucht-Mix;
griechischer_joghurt;Griechischer Joghurt;Milchprodukte;Milk;10% Fett,500g Becher,4er Pack;
butter;Butter;Milchprodukte;Milk;Süßrahm,Sauerrahm,250g Packung,Bio;
frischkase;Frischkäse;Milchprodukte;Milk;Natur,Kräuter,Bresso,200g,Vegan,Simply V 150g,Kiri;
saure_sahne;Saure Sahne;Milchprodukte;Milk;10% Fett,200g Becher;
creme_fraiche;Crème Fraîche;Milchprodukte;Milk;Classic 150g,Kräuter;
schmand;Schmand;Milchprodukte;Milk;24% Fett,200g Becher;
kondensmilch;Kondensmilch;Milchprodukte;Milk;10% Fett,7.5% Fett,Dose 340g;
haferdrink;Hafermilch;Milchprodukte;Milk;Oatly Barista,Bio 1l,Ungesüßt;
sojadrink;Sojamilch;Milchprodukte;Milk;Natur 1l,Vanille;
mandeldrink;Mandelmilch;Milchprodukte;Milk;Ungesüßt 1l,Röstmandel;
reisdrink;Reismilch;Milchprodukte;Milk;Bio 1l;
kokosdrink;Kokosdrink;Milchprodukte;Milk;1l Karton,Zum Kochen;
ayran;Ayran;Milchprodukte;Milk;250ml Becher,500ml;
kefir;Kefir;Milchprodukte;Milk;Kalinka 500g,Mild;
dickmilch;Dickmilch;Milchprodukte;Milk;500g Becher;
kaffeesahne;Kaffeesahne;Milchprodukte;Milk;10% Fett,200g;
kochsahne;Kochsahne;Milchprodukte;Milk;15% Fett,250ml,fettreduziert;
buttermilch;Buttermilch;Milchprodukte;Milk;500g Becher,Zitrone;
proteinpudding;Pudding;Milchprodukte;Milk;Schoko 200g,Vanille,Karamell;
milchreis_fertig;Milchreis;Milchprodukte;Milk;Müller Milchreis,Zimt,Zucker,Becher;
spruhsahne;Sprühsahne;Milchprodukte;Milk;250ml Dose;
krauterbutter;Kräuterbutter;Milchprodukte;Milk;100g Rolle,Meggle,Knoblauchbutter;
ghee;Ghee (Butterreinfett);Milchprodukte;Milk;Glas 250g;
mascarpone;Mascarpone;Milchprodukte;Milk;250g Becher,Für Tiramisu;
ricotta;Ricotta;Milchprodukte;Milk;250g Becher;
skyr;Skyr;Milchprodukte;Milk;Natur 500g,Heidelbeere,Vanille;
korniger_frischkase;Körniger Frischkäse / Hüttenkäse;Milchprodukte;Milk;200g Becher,High Protein;
ziegenmilch;Ziegenmilch;Milchprodukte;Milk;1l Karton;
schafsmilch;Schafsmilch;Milchprodukte;Milk;500ml;
laktosefreie_milch;Laktosefreie Milch;Milchprodukte;Milk;3.8% Fett,1.5%,1l;
hmilch;H-Milch;Milchprodukte;Milk;3.5% Fett,1.5% Fett,12er Karton;
kakaomilch;Kakao / Schokomilch;Milchprodukte;Milk;500ml Flasche,1l;
vanillemilch;Vanillemilch;Milchprodukte;Milk;500ml Packung;
bananenmilch;Bananenmilch;Milchprodukte;Milk;500ml Packung;
sahneersatz;Vegane Sahne;Milchprodukte;Milk;Cuisine 200ml;
vegane_butter;Vegane Butter / Block;Milchprodukte;Milk;Violife 225g,Naturli;
fruchtquark;Fruchtquark;Milchprodukte;Milk;Erdbeere 250g,Pfirsich-Maracuja;
tzatziki;Tzatziki;Milchprodukte;Milk;500g Becher,Knoblauch,Kühlregal;
griebenschmalz;Griebenschmalz;Milchprodukte;Milk;150g Töpfchen;
schweineschmalz;Schweineschmalz;Milchprodukte;Milk;250g Packung;
gouda;Gouda;Käse;Layers;Jung,Mittelalt,Alt,Scheiben,200g Stück;
mozzarella;Mozzarella;Käse;Layers;Kugel 125g,Büffelmozzarella,Gerieben,2er Pack;
parmesan;Parmesan;Käse;Layers;Grana Padano,Parmigiano Reggiano,Stück,Gerieben 100g;
feta;Feta;Käse;Layers;Original Feta 200g,Hirtenkäse;
halloumi;Halloumi / Grillkäse;Käse;Layers;Zypriotisch,Kräuter,200g;
emmentaler;Emmentaler;Käse;Layers;Scheiben,200g Stück;
cheddar;Cheddar;Käse;Layers;Herzhaft,Scheiben,Gerieben,Irish Red;
camembert;Camembert;Käse;Layers;Frz. Weichkäse,250g;
brie;Brie;Käse;Layers;Französischer Brie,200g Spitze;
bergkase;Bergkäse;Käse;Layers;Würziger Österreicher,200g;
gorgonzola;Gorgonzola;Käse;Layers;Dolce (mild),Piccante (kräftig),150g;
scheibenkase;Scheibenkäse;Käse;Layers;Gouda & Tilsiter,250g Packung;
geriebener_kase;Geriebener Käse;Käse;Layers;Gouda & Mozzarella 200g,Gratinkäse;
roquefort;Roquefort;Käse;Layers;Schafskäse Blau,100g;
manchego;Manchego;Käse;Layers;Spanischer Schafskäse,150g;
pecorino;Pecorino Romano;Käse;Layers;Stück 200g,Gerieben;
tilsiter;Tilsiter;Käse;Layers;Scheiben 200g,Herzhaft;
butterkase;Butterkäse;Käse;Layers;Mild,Scheiben 200g;
edamer;Edamer;Käse;Layers;Kugel,Scheiben 200g;
appenzeller;Appenzeller;Käse;Layers;Kräftig würzig,150g;
gruyere;Gruyère;Käse;Layers;Schweizer Hartkäse,200g,Graubündener;
raclettekase;Raclette-Käse;Käse;Layers;Scheiben 400g,Schweizer;
fonduekase;Fonduekäse;Käse;Layers;400g Beutel,Moitié-Moitié;
ziegenkase;Ziegenkäse-Rolle;Käse;Layers;Mit Speck ummantelt,150g;
harzer_kase;Harzer Käse / Handkäse;Käse;Layers;Mit Kümmel,200g Rolle;
provolone;Provolone;Käse;Layers;Italienischer Schnittkäse;
maasdammer;Maasdammer;Käse;Layers;Großloch-Käse,Scheiben;
leerdammer;Leerdammer;Käse;Layers;Original Scheiben 160g,Delacrème;
havarti;Havarti;Käse;Layers;Dänischer Käse,Cremig;
burrata;Burrata;Käse;Layers;Cremige Füllung,150g Kugel;
babybel;Babybel;Käse;Layers;6er Netz,Light,Bio;
schmelzkase;Schmelzkäse;Käse;Layers;Sahne,Kräuter,200g;
schmelzkasescheiben;Schmelzkäsescheiben (Chester);Käse;Layers;Für Burger,150g;
ziegenfrischkase;Ziegenfrischkäse;Käse;Layers;125g Töpfchen;
stilton;Stilton;Käse;Layers;Englischer Blauschimmel,Blue Cheese;
munsterkase;Münsterkäse;Käse;Layers;Rotschmiere 200g;
obazda;Obazda;Käse;Layers;Bayerisch 150g;
grillschimmel;Ofenkäse;Käse;Layers;Rougette 320g;
schnittkase;Schnittkäse würzig;Käse;Layers;Gouda Alt;
scamorza;Scamorza;Käse;Layers;250g Birne,geräuchert;
taleggio;Taleggio;Käse;Layers;Italienischer Weichkäse;
tête_de_moine;Tête de Moine;Käse;Layers;Rosetten 100g;
zauchenkaese;Zillertaler Käse;Käse;Layers;Würzig 200g;
veganer_kase_scheiben;Veganer Scheibenkäse;Käse;Layers;Simply V 150g,Violife;
veganer_pizzakase;Veganer Reibekäse;Käse;Layers;Zum Überbacken 200g;
esrom;Esrom Käse;Käse;Layers;Dänisch 200g;
chaumes;Chaumes Weichkäse;Käse;Layers;200g;
saint_albry;Saint Albry;Käse;Layers;Französisch 200g;
fol_epi;Fol Épi;Käse;Layers;Hauchfein Scheiben;
hackfleisch;Hackfleisch;Fleisch;Flame;Gemischt (Rind/Schwein),500g,1kg,Bio,Mager,Rind,Mager 400g,Pute;
putenbrust;Putenbrustfilet;Fleisch;Drumstick;500g,1kg;
schnitzel;Schnitzel;Fleisch;Flame;3 Stk 400g,Oberschale 400g,Paniert,Schwein,Wiener Schnitzel 2 Stk,Kalb;
rindersteak;Steak;Fleisch;Beef;Rumpsteak,Entrecôte,Ribeye,Filet,2 Stk,2 Stk 400g,Hüftsteak,Entrecote;
rindergulasch;Gulasch;Fleisch;Beef;Geschnitten 500g,1kg;
kotelett;Kotelett;Fleisch;Flame;Mit Knochen 500g,500g Scheiben,Kassler,4 Stk 300g,Lamm;
bacon;Bacon;Fleisch;Flame;Speckwürfel,Streifen,2x75g Würfel;
bratwurst;Bratwurst;Fleisch;Flame;Grobe Bratwurst 5er,Nürnberger,Käsewurst;
nurnberger;Nürnberger Rostbratwürstchen;Fleisch;Flame;14er Packung;
wiener_wurstchen;Wiener Würstchen;Fleisch;Flame;4er Pack,8er Pack;
bockwurst;Bockwurst;Fleisch;Flame;4 Stk Glas,Frisch;
leberkase;Leberkäse / Fleischkäse;Fleisch;Flame;Zum Selbstbacken 500g,Scheiben;
salami;Salami;Fleisch;Flame;Ungarisch,Italienisch,Scheiben 150g;
kochschinken;Schinken;Fleisch;Flame;Saftschinken,150g Packung,Spanisch 100g,Serrano,Italienisch 90g,Parma;
rohschinken;Rohschinken / Katenschinken;Fleisch;Flame;100g Scheiben;
mortadella;Mortadella;Fleisch;Flame;Mit Pistazien,100g Scheiben;
geflugelwurst;Geflügel-Aufschnitt;Fleisch;Drumstick;Hähnchenbrust-Aufschnitt 100g;
cabanossi;Cabanossi;Fleisch;Flame;300g Packung;
mettwurst;Mettwurst;Fleisch;Flame;Fein,Grob;
teewurst;Teewurst;Fleisch;Flame;Rügenwalder 125g;
leberwurst;Leberwurst;Fleisch;Flame;Feine Leberwurst,Pfälzer;
blutwurst;Blutwurst;Fleisch;Flame;Ring 300g;
chorizo;Chorizo;Fleisch;Flame;Würzig spanisch,Scheiben;
pastrami;Pastrami;Fleisch;Beef;Rinderaufschnitt 100g;
lammkeule;Lammfleisch;Fleisch;Flame;1kg mit Knochen;
entenbrust;Entenbrust;Fleisch;Drumstick;Barbarie 400g;11,12
gansebrust;Gänsebrust;Fleisch;Drumstick;1kg TK;11,12
landjager;Landjäger;Fleisch;Flame;2 Paar;
pfefferbeisser;Pfefferbeißer;Fleisch;Flame;4 Stk;
weisswurst;Münchner Weißwurst;Fleisch;Flame;4 Stk mit Süßem Senf;
currywurst;Currywurst;Fleisch;Flame;Mit Sauce 250g,Bratwurst;
lachs;Lachs;Fisch;Fish;200g Stück,400g Packung,Mit Haut;
raucherlachs;Räucherlachs;Fisch;Fish;100g Scheiben,200g Packung;
thunfisch_dose;Thunfisch;Fisch;Fish;In Eigensaft,In Öl,3er Pack;
thunfisch_steak;Frischer Thunfisch;Fisch;Fish;Sashimi-Qualität 200g;
garnelen;Garnelen / Shrimps;Fisch;Fish;King Prawns 250g,Knoblauch,Entdarmt,Garnelenspieße;
fischstabchen;Fischstäbchen;Fisch;Fish;15er Pack Iglo,Vollkorn;
kabeljau;Kabeljau / Dorsch;Fisch;Fish;Loins 300g,Frisch;
forelle;Forelle;Fisch;Fish;Ausgenommen 2 Stk,Frisch;
raucherforelle;Räucherforellen-Filet;Fisch;Fish;125g Packung;
meeresfruchte;Meeresfrüchte / Frutti di Mare;Fisch;Fish;TK Mix 500g,In Knoblauchöl;
scholle;Schollenfilet;Fisch;Fish;Frisch 300g,Finkenwerder;
seelachs;Seelachs / Köhler;Fisch;Fish;Pazifik 400g,Paniert;
zander;Zanderfilet;Fisch;Fish;Mit Haut 300g;
dorade;Dorade / Goldbrasse;Fisch;Fish;Ganz 400g;
wolfsbarsch;Wolfsbarsch / Lou de Mer;Fisch;Fish;Ganz 400g;
strettlachs;Stremellachs;Fisch;Fish;Pfeffer 125g,Natur;
heringsfilet;Heringsfilet;Fisch;Fish;In Tomatensauce 200g,In Sahne,Dose;
matjes;Matjesfilet;Fisch;Fish;Nordische Art 200g,Mit Zwiebeln;6,7
makrele;Makrele;Fisch;Fish;Pfeffermakrele 200g,Geräuchert;
sardinen;Sardinen;Fisch;Fish;In Olivenöl 125g,Dose;
sardellen;Sardellenfilets / Anchovis;Fisch;Fish;Glas 50g in Öl;
tintenfisch;Tintenfisch / Calamari;Fisch;Fish;Ringe paniert TK 500g;
oktopus;Oktopus;Fisch;Fish;Gekocht 250g;
muscheln;Miesmuscheln;Fisch;Fish;Frisch 1kg Beutel;9,10,11,12,1
jakobsmuscheln;Jakobsmuscheln / Scallops;Fisch;Fish;Ausgelöst TK 200g;
flusskrebse;Flusskrebs;Fisch;Fish;100g Lake;
surimi;Surimi / Crab Sticks;Fisch;Fish;200g Packung;
nordseekrabben;Nordseekrabben;Fisch;Fish;100g Becher,Gepult;
pangasius;Pangasiusfilet;Fisch;Fish;TK 500g;
rotbarsch;Rotbarschfilet;Fisch;Fish;Frisch 300g;
heilbutt;Heilbutt;Fisch;Fish;Weißer Heilbutt 150g,Geräuchert;
karpfen;Karpfen;Fisch;Fish;Hufeisen 500g;12
aal;Räucheraal;Fisch;Fish;Stück 150g;
lachsforelle;Lachsforellenfilet;Fisch;Fish;Frisch 300g;
krabbensalat;Krabbensalat / Feinkost;Fisch;Fish;Dill 150g;
thunfischsalat;Thunfischsalat;Fisch;Fish;Western Art 160g;
viktoriabarsch;Viktoriabarschfilet;Fisch;Fish;Frisch 300g;
seeteufel;Seeteufelfilet;Fisch;Fish;200g;
kaviar;Kaviar;Fisch;Fish;Glas 50g;
fischfrikadellen;Fischfrikadellen;Fisch;Fish;2 Stk 200g;
bismarckhering;Bismarckhering;Fisch;Fish;Glas 500g;
rollmops;Rollmops;Fisch;Fish;Glas 500g mit Gurke;
brathering;Brathering;Fisch;Fish;Dose 300g;
schlemmerfilet;Schlemmerfilet;Fisch;Fish;Iglo 380g;
fischfond;Fischfond;Fisch;Soup;Glas 400ml;
krebssuppe;Hummercremesuppe;Fisch;Soup;400ml,Dose;
seeteufelbäckchen;Seeteufelbäckchen;Fisch;Fish;200g;
sushi;Sushi;Fisch;Fish;Maki,Nigiri,Mix-Box,Vegetarisch,12 Stk;
eier;Eier;Grundzutaten;Egg;6er Pack,10er Pack,Freiland M,Bio L;
dinkelmehl;Dinkelmehl Type 630;Grundzutaten;Wheat;1kg Packung;
vollkornmehl;Vollkornmehl;Grundzutaten;Wheat;1kg Packung;
zucker;Zucker;Grundzutaten;Egg;1kg Packung;
rohrzucker;Brauner Rohrzucker;Grundzutaten;Egg;500g Packung;
puderzucker;Puderzucker;Grundzutaten;Egg;250g Packung;
vanillezucker;Vanillezucker;Grundzutaten;Egg;10er Pck;
salz;Salz;Grundzutaten;Egg;Speisesalz,Meersalz (Grob),Knoblauchsalz,Kräutersalz,Jodsalz 500g;
olivenol;Olivenöl;Grundzutaten;Droplets;750ml Flasche,1l;
rapsol;Rapsöl;Grundzutaten;Droplets;1l Flasche,Zum Braten;
sonnenblumenol;Sonnenblumenöl;Grundzutaten;Droplets;1l Flasche;
sesamol;Sesamöl;Grundzutaten;Droplets;250ml Flasche,Geröstet;
balsamico;Balsamico;Grundzutaten;Wine;Dunkel 500ml,Bianco;
apfelessig;Apfelessig;Grundzutaten;Wine;Naturtrüb 750ml;
weissweinessig;Weißweinessig;Grundzutaten;Wine;500ml Flasche;
reisessig;Reisessig;Grundzutaten;Wine;Mild 250ml,Für Sushi;
passierte_tomaten;Passierte Tomaten;Grundzutaten;Package;500g Tetrapack,700g Glas,Passata;
tomatenmark;Tomatenmark;Grundzutaten;Package;200g Tube,3-fach konzentriert;
stueckige_tomaten;Dosentomaten;Grundzutaten;Package;400g Dose;
backpulver;Backpulver;Grundzutaten;Package;6er Pack;
trockenhefe;Trockenbackhefe;Grundzutaten;Package;5er Pack;
frische_hefe;Frische Hefe;Grundzutaten;Package;42g Würfel,Würfel;
speisestarke;Speisestärke;Grundzutaten;Package;400g Packung,Mondamin;
gelatine;Blattgelatine;Grundzutaten;Package;Weiß 6 Blätter;
sahnesteif;Sahnesteif;Grundzutaten;Package;5er Pack;
natron;Natron;Grundzutaten;Package;5er Beutel;
kokosmilch;Kokosmilch;Grundzutaten;Milk;Dose 400ml,Creamed;
senf;Senf;Grundzutaten;Package;Tube 200ml,Bautzner,Mittelscharf;
mayonnaise;Mayonnaise;Grundzutaten;Package;80% Fett Tube,Glas;
ketchup;Ketchup;Grundzutaten;Package;Heinz 500ml,Knorr;
remoulade;Remoulade;Grundzutaten;Package;Tube 200ml;
sojasauce;Sojasauce;Grundzutaten;Wine;Kikkoman 250ml,Dunkel;
worcestersauce;Worcestersauce;Grundzutaten;Wine;140ml Flasche;
tabasco;Tabasco-Sauce;Grundzutaten;Flame;Rot 57ml;
sriracha;Sriracha;Grundzutaten;Flame;Scharf (Grüne Kappe);
bbqsauce;Barbecuesauce / BBQ;Grundzutaten;Flame;Rauchig 400ml;
erdnussbutter;Erdnussbutter;Grundzutaten;Nut;Crunchy 350g,Creamy;
nutella;Nuss-Nougat-Creme;Grundzutaten;Cookie;450g Glas,750g;
honig;Honig;Grundzutaten;Egg;Blütenhonig 500g,Waldhonig;
ahornsirup;Ahornsirup;Grundzutaten;Wine;Grad A 250ml;
agavendicksaft;Agavendicksaft;Grundzutaten;Wine;Bio 250ml;
panermehl;Paniermehl;Grundzutaten;Wheat;500g Packung;
sauce;Sauce;Grundzutaten;Egg;Bechamel,Hollandaise;
guacamole;Guacamole;Grundzutaten;Egg;Frisch,Dip;
pfeffer;Pfeffer;Gewürze;Sparkles;Pfeffer (Schwarz),Pfeffer (Weiß),Gemahlen,Mühle,Ganze Körner;
paprika_edelsuess;Paprikapulver;Gewürze;Sparkles;Dose 50g,Scharf,Edelsüß;
basilikum;Basilikum;Gewürze;Sparkles;Gerebelt,Frisch,Im Topf,Dose 20g;
oregano_gewuerz;Oregano;Gewürze;Sparkles;Dose 20g,Gerebelt;
zimt;Zimt;Gewürze;Sparkles;Ceylon-Zimt,50g,Gemahlen;
zimtstangen;Zimtstangen;Gewürze;Sparkles;5 Stk;
currypulver;Currypulver;Gewürze;Sparkles;Gelb 50g,Mild;
curry_scharf;Currypulver;Gewürze;Sparkles;Madras Curry,Scharf;
knoblauchpulver;Knoblauchpulver;Gewürze;Sparkles;Streuer 60g;
chiliflocken;Chiliflocken / Chilischoten;Gewürze;Flame;Mit Saaten 50g;
muskatnuss;Muskatnuss;Gewürze;Sparkles;3 Nüsse mit Reibe,Gemahlen,Ganz;
thymian;Thymian;Gewürze;Sparkles;Dose 25g,Gerebelt;
rosmarin;Rosmarin;Gewürze;Sparkles;Dose 30g,Geschnitten;
petersilie_trocken;Petersilie;Gewürze;Sparkles;Streuer 20g,Gerebelt;
schnittlauch_trocken;Schnittlauch;Gewürze;Sparkles;Gefriertrocknet,Röllchen;
dill;Dillspitzen;Gewürze;Sparkles;Dose 20g;
kummel;Kümmel;Gewürze;Sparkles;Ganz 50g,Ganz,Gemahlen;
majoran;Majoran;Gewürze;Sparkles;Dose 15g,Gerebelt;
koriander_gewuerz;Koriander;Gewürze;Sparkles;40g,Gemahlen;
kreuzkummel;Kreuzkümmel (Cumin);Gewürze;Sparkles;Gemahlen 50g;
kurkuma;Kurkuma;Gewürze;Sparkles;Gemahlen 50g,Gelbwurz;
ingwerpulver;Ingwerpulver;Gewürze;Sparkles;Gemahlen 40g;
kardamom;Kardamom;Gewürze;Sparkles;Grün 30g,Gemahlen;
nelken;Nelken;Gewürze;Sparkles;30g Packung,Ganz;
lorbeerblaetter;Lorbeerblätter;Gewürze;Leaf;Ganz 10g;
piment;Piment (Nelkenpfeffer);Gewürze;Sparkles;Ganz 30g;
sternanis;Sternanis;Gewürze;Sparkles;Ganz 25g;
fenchelsamen;Fenchelsamen;Gewürze;Sparkles;Ganz 40g;
bockshornklee;Bockshornklee;Gewürze;Sparkles;Gemahlen;
cayennepfeffer;Cayennepfeffer;Gewürze;Flame;Scharf 40g;
chillipulver;Chilipulver;Gewürze;Flame;Scharf 50g,Chili;
krauter_provence;Kräuter der Provence;Gewürze;Sparkles;Mischung 40g;
ital_krauter;Italienische Kräuter;Gewürze;Sparkles;Mischung 40g;
garam_masala;Garam Masala;Gewürze;Sparkles;Indisch 50g;
ras_el_hanout;Ras el Hanout;Gewürze;Sparkles;Marokkanisch 50g;
zaatar;Za’atar;Gewürze;Sparkles;Orient-Mix 50g,Zaatar;
sumach;Sumach;Gewürze;Sparkles;Säuerlich 50g,Sumac;
wasabipulver;Wasabi;Gewürze;Sparkles;Dose 30g,Meerrettichpulver;
barlauch_gewuerz;Bärlauch;Gewürze;Leaf;Dose 15g,Gerebelt;
estragon;Estragon;Gewürze;Sparkles;Gerebelt 15g;
bohnenkraut;Bohnenkraut;Gewürze;Sparkles;Dose 20g;
liebstoeckel;Liebstöckel;Gewürze;Leaf;Gerebelt 15g,Maggi-Kraut;
kerbel;Kerbel;Gewürze;Sparkles;Gerebelt 15g;
safran;Safran;Gewürze;Sparkles;0.1g Briefchen,Fäden;
vanilleschote;Vanille;Gewürze;Sparkles;1 Schote im Glas;
tk_pizza;TK-Pizza;Fertig & Tiefkühlprodukte;Pizza;Salami,Margherita,Speciale,Tonno,Wagner / Dr. Oetker,2er Pack;
tk_pommes;TK-Pommes;Fertig & Tiefkühlprodukte;Package;Frites,Süßkartoffel,Backofen 1kg,Steakhouse;
tk_gemuse_mix;TK-Kaisergemüse / Gemüsemix;Fertig & Tiefkühlprodukte;Package;1kg Beutel,Suppengemüse;
tk_erbsen;TK-Erbsen;Fertig & Tiefkühlprodukte;Package;450g,1kg,Junge Erbsen;
tk_spinat;TK-Spinat;Fertig & Tiefkühlprodukte;Package;Iglo 450g (Portions-Plopps),Ganz 500g;
tk_krauter;TK-Kräuter;Fertig & Tiefkühlprodukte;Package;Iglo Streudose 50g;
tk_beeren;TK-Beerenmischung;Fertig & Tiefkühlprodukte;Cherry;750g Beutel,Ungezuckert;
tk_himbeeren;TK-Obst;Fertig & Tiefkühlprodukte;Cherry;500g Beutel,Himbeeren,Erdbeeren,Blaubeeren;
tk_chickennuggets;TK-Chicken Nuggets;Fertig & Tiefkühlprodukte;Drumstick;500g Beutel mit Dip;
tk_fruhlingsrollen;TK-Frühlingsrollen;Fertig & Tiefkühlprodukte;Package;Mini 20er Pack,Groß 2 Stk;
tk_lasagne;TK-Lasagne;Fertig & Tiefkühlprodukte;Package;400g,1kg Familientablett;
tk_brezeln;TK-Laugenbrezeln zum Aufbacken;Fertig & Tiefkühlprodukte;Wheat;6er Pack mit Salz;
tk_brotchen;TK-Aufbackbrötchen;Fertig & Tiefkühlprodukte;Wheat;9er Pack Coppenrath;
dosen_linsen;Linseneintopf;Fertig & Tiefkühlprodukte;Soup;Erasco 800g mit Würstchen,Dose;
dosen_erbsen;Erbseneintopf;Fertig & Tiefkühlprodukte;Soup;Erasco 800g,Dose;
dosen_tomatensuppe;Tomatensuppe;Fertig & Tiefkühlprodukte;Soup;400ml,Dose,Pack;
dosen_ravioli;Ravioli;Fertig & Tiefkühlprodukte;Soup;Maggi 800g,Dose;
instant_nudeln;Instant-Ramen;Fertig & Tiefkühlprodukte;Soup;Huhn,Rind,Duck,5er Pack;
mikrowellen_reis;Reis (Mikrowelle);Fertig & Tiefkühlprodukte;Package;Basmati 250g,Mediterranean;
tk_torte;TK-Torte;Fertig & Tiefkühlprodukte;Cake;Coppenrath Schwarzwälder;
tk_kuchen;TK-Kuchen;Fertig & Tiefkühlprodukte;Cake;Blechkuchen 1kg;
tk_windbeutel;TK-Mini-Windbeutel;Fertig & Tiefkühlprodukte;Cake;250g Beutel;
tk_eiscreme;Eiscreme;Fertig & Tiefkühlprodukte;IceCream;Cookie Dough 465ml,Peanut Butter;
tk_stieleis;Stieleis;Fertig & Tiefkühlprodukte;IceCream;Mandeln 4er,Classic,Magnum;
tk_donerfleisch;TK-Dönerfleisch / Gyros;Fertig & Tiefkühlprodukte;Flame;Hähnchen 500g,Pfannengericht;
tk_falafel;TK-Falafel;Fertig & Tiefkühlprodukte;Package;300g Beutel;
tk_veggie_schnitzel;TK-Vegetarisches Schnitzel;Fertig & Tiefkühlprodukte;Package;Rügenwalder 2er;
tk_veggie_burger;Vegane Burger;Fertig & Tiefkühlprodukte;Sandwich;2er Pack 226g;
tk_knoblauchbrot;Kräuterbaguette;Fertig & Tiefkühlprodukte;Wheat;Meggle 2er Pack;
tk_flammkuchen;TK-Flammkuchen;Fertig & Tiefkühlprodukte;Pizza;260g;
tk_gyoza;TK-Gyoza / Dumplings;Fertig & Tiefkühlprodukte;Package;Geflügel 400g,Veggie;
tk_edamame;Edamame;Gemüse;Carrot;In Schale 400g;
tk_calamares;TK-Meeresfrüchte;Fertig & Tiefkühlprodukte;Fish;500g;
tk_cevapcici;TK-Cevapcici;Fertig & Tiefkühlprodukte;Flame;Rind/Lamm 500g;
dosen_chili;Chili con Carne;Fertig & Tiefkühlprodukte;Soup;Erasco 800g,Dose;
fertig_pizzateig_sossee;Pizzateig-Kombi-Set mit Sauce;Fertig & Tiefkühlprodukte;Pizza;600g Set;
dosen_huhnersuppe;Hühnersuppe;Fertig & Tiefkühlprodukte;Soup;With Nudeln 800g,Dose;
dosen_gulasch;Gulaschsuppe;Fertig & Tiefkühlprodukte;Soup;400g,Dose;
tk_kroketten;TK-Kroketten;Fertig & Tiefkühlprodukte;Package;Backofen 750g;
tk_rosti;TK-Kartoffelgericht;Fertig & Tiefkühlprodukte;Package;10 Stk 600g;
tk_backfisch;TK-Backfisch / Schnitzel;Fertig & Tiefkühlprodukte;Fish;Iglo 2er Pack;
tk_asiagemuse;TK-Asia-Pfannengemüse;Fertig & Tiefkühlprodukte;Package;750g Beutel;
tk_tortelloni;TK-Pasta;Fertig & Tiefkühlprodukte;Package;500g;
tk_kaiserschmarrn;TK-Kaiserschmarrn mit Rosinen;Fertig & Tiefkühlprodukte;Cake;500g;
spaghetti;Spaghetti;Getreideprodukte;Wheat;Barilla No.5,500g Packung,Vollkorn;
penne;Penne Rigate;Getreideprodukte;Wheat;500g Packung;
fusilli;Fusilli / Spirelli;Getreideprodukte;Wheat;500g Packung;
rigatoni;Rigatoni;Getreideprodukte;Wheat;500g Packung;
farfalle;Farfalle;Getreideprodukte;Wheat;500g Packung,Schmetterlinge;
linguine;Linguine;Getreideprodukte;Wheat;500g Packung;
tagliatelle;Tagliatelle (Bandnudeln);Getreideprodukte;Wheat;500g Packung;
lasagneplatten;Lasagneplatten;Getreideprodukte;Wheat;500g Packung;
gnocchi_frisch;Gnocchi;Getreideprodukte;Wheat;500g Packung,Kühlregal;
tortellini_frisch;Tortellini;Getreideprodukte;Wheat;Prosciutto 400g,Käse,Kühlregal;
basmatireis;Basmati-Reis;Getreideprodukte;Wheat;1kg Beutel,Bio;
jasminreis;Jasmin-Reis;Getreideprodukte;Wheat;1kg Beutel;
milchreis_roh;Milchreis (Rohreis);Getreideprodukte;Wheat;500g Packung;
risottoreis;Risottoreis (Arborio);Getreideprodukte;Wheat;500g Packung;
wildreis;Wildreis-Mischung;Getreideprodukte;Wheat;500g Packung;
haferflocken;Haferflocken;Getreideprodukte;Wheat;Kölln 500g,Bio,500g Packung,Kernig;
couscous;Couscous;Getreideprodukte;Wheat;500g Packung,Vollkorn;
quinoa;Quinoa;Getreideprodukte;Nut;Bio 500g,Weiß,Bunt;
bulgur;Bulgur;Getreideprodukte;Wheat;500g Packung;
polenta;Polenta / Maisgrieß;Getreideprodukte;Wheat;500g Packung;
hartweizengriess;Hartweizengrieß;Getreideprodukte;Wheat;500g Packung;
weichweizengriess;Weichweizengrieß;Getreideprodukte;Wheat;500g (Für Grießbrei);
glasnudeln;Glasnudeln;Getreideprodukte;Wheat;100g Packung;
mienudeln;Mie-Nudeln;Getreideprodukte;Wheat;250g Block,Wok;
sobanudeln;Soba-Nudeln;Getreideprodukte;Wheat;300g Packung,Buchweizen;
udonnudeln;Udon-Nudeln;Getreideprodukte;Wheat;Frisch 200g;
buchweizen;Buchweizen;Getreideprodukte;Nut;500g Packung,Kascha;
amaranth;Amaranth;Getreideprodukte;Nut;Bio 200g,Gepufft;
hirse;Goldhirse;Getreideprodukte;Nut;500g Packung;
chiasamen;Chia-Samen;Getreideprodukte;Nut;Bio 250g;
leinsamen;Leinsamen;Getreideprodukte;Nut;250g Packung,Geschrotet;
sonnenblumenkerne;Sonnenblumenkerne;Getreideprodukte;Nut;500g Beutel;
kurbiskerne;Kürbiskerne;Getreideprodukte;Nut;200g Beutel;
sesamsamen;Sesamsamen;Getreideprodukte;Nut;200g Beutel,Weiß,Schwarz;
pinienkerne;Pinienkerne;Getreideprodukte;Nut;50g Packung;
mandeln;Mandeln;Getreideprodukte;Nut;200g Beutel,Gehobelt,Ganz,Gemahlen;
walnuesse;Walnusskerne;Getreideprodukte;Nut;200g Beutel;
haselnuesse;Haselnusskerne;Getreideprodukte;Nut;200g Beutel,Gemahlen;
cashewkerne;Cashewkerne;Getreideprodukte;Nut;Ungesalzen 200g;
erdnuesse;Erdnüsse;Getreideprodukte;Nut;200g Dose,Geröstet,Gesalzen;
studentenfutter;Studentenfutter;Getreideprodukte;Nut;200g Beutel,Mit Rosinen;
muesli;Müsli;Getreideprodukte;Wheat;Knusper-Müsli / Granola,Schoko-Müsli,Früchte-Müsli,Bircher Müsli,500g,1kg;
cornflakes;Cornflakes;Getreideprodukte;Wheat;Kellogg’s 375g;
graupen;Perlgraupen;Getreideprodukte;Wheat;500g Packung;
parboiled_reis;Parboiled Langkornreis;Getreideprodukte;Wheat;1kg Beutel;
schokolade;Schokolade;Süssigkeiten;Cookie;Milka 100g,Ritter Sport,Lindt 70%,85%,100g,Zartbitter,Milka Crisp 100g,Weiße,Ganze Haselnuss 100g,Nuss,Schoko-Bons,200g Beutel,Kinder Schokolade,8 Riegel 100g,Vollmilch;
goldbaeren;Haribo Goldbären;Süssigkeiten;Cookie;200g Beutel,360g;
saure_gummibaerchen;Saures Weingummi;Süssigkeiten;Cookie;Haribo Saure Bären 175g;
chips;Chips;Süssigkeiten;Cookie;Funny-Frisch 150g,Pringles,150g Beutel,Gesalzen,Pringles 185g,Sour Cream,Paprika;
tortilla_chips;Tortilla-Chips;Süssigkeiten;Cookie;Käse 125g,Gesalzen;
popcorn;Popcorn;Süssigkeiten;Cookie;100g Beutel,Süß;
butterkekse;Butterkekse;Süssigkeiten;Cookie;Leibniz 200g;
kekse;Kekse;Süssigkeiten;Cookie;Doppelkekse,Haferkekse,Schokokekse;
waffeln;Manner Waffeln;Süssigkeiten;Cookie;Neapolitaner 75g Pack;
dominosteine;Dominosteine;Süssigkeiten;Cookie;Zartbitter 250g;10,11,12
lebkuchen;Lebkuchen;Süssigkeiten;Cookie;Schokoliert 5 Stk;10,11,12
gummischlangen;Haribo Phantasia / Schlangen;Süssigkeiten;Cookie;200g Beutel;
lakritz;Lakritz / Colorado;Süssigkeiten;Cookie;Haribo Colorado 200g;
fruchtbonbons;Nimm2 Bonbons;Süssigkeiten;Cookie;240g Beutel;
eukalyptusbonbons;Eukalyptus-Menthol Bonbons;Süssigkeiten;Cookie;150g Beutel;
kaugummi;Kaugummi;Süssigkeiten;Cookie;Menthol 50er Dosen-Pack,Airwaves,Extra;
muesliriegel;Müsliriegel;Süssigkeiten;Cookie;Schoko 6er Pack,Nuss;
energybar;Proteinriegel;Süssigkeiten;Cookie;Barebells 55g Schoko;
erdnusslocken;Flips;Süssigkeiten;Cookie;Lorenz 200g Beutel;
salzstangen;Salzstangen;Süssigkeiten;Cookie;250g Packung;
salzbrezeln;Salzbrezeln;Süssigkeiten;Cookie;200g Beutel,Mini;
marzipan;Marzipan-Brot;Süssigkeiten;Cookie;Niederegger 125g,Lübecker;
toffee;Toffifee;Süssigkeiten;Cookie;15er Packung 125g;
marshmallows;Marshmallows;Süssigkeiten;Cookie;300g Beutel;
moncheri;Mon Chéri;Süssigkeiten;Cookie;157g Packung;
rocher;Ferrero Rocher;Süssigkeiten;Cookie;16er Packung;
raffaello;Raffaello;Süssigkeiten;Cookie;230g Packung;
kinderbueno;Kinder Bueno;Süssigkeiten;Cookie;6er Pack;
duplo;Duplo Riegel;Süssigkeiten;Cookie;10er Pack;
hanuta;Hanuta;Süssigkeiten;Cookie;10er Pack;
knoppers;Knoppers;Süssigkeiten;Cookie;8er Pack;
m_and_ms;M&M;Süssigkeiten;Cookie;250g Beutel;
skittles;Skittles;Süssigkeiten;Cookie;160g Beutel,Fruits,Sour;
twix;Twix Riegel;Süssigkeiten;Cookie;5er Multipack;
kitkat;KitKat Chunky;Süssigkeiten;Cookie;4er Pack;
smarties;Smarties Riese;Süssigkeiten;Cookie;Rolle 130g;
ahoi_brause;Ahoi-Brause-Pulver;Süssigkeiten;Cookie;10er Pack;
salsa;Salsa;Süssigkeiten;Cookie;Mild,Scharf,Dip;
mineralwasser;Mineralwasser;Getränke;GlassWater;Sprudel,Medium,Still,6x1.5l PET,Kiste Glas 12x0.7l,Evian;
co2_kartusche;CO2-Kartusche;Getränke;Sparkle;Quick Connect,Normal;
apfelsaft;Apfelsaft;Getränke;Wine;100% Direktsaft 1l;
orangensaft;Orangensaft;Getränke;Wine;100% Direktsaft 1l,Hohes C,Mit Fruchtfleisch;
multivitaminsaft;Multivitaminsaft;Getränke;Wine;1l Karton;
traubensaft;Traubensaft;Getränke;Wine;100% Saft 1l,Rot;
ananassaft;Ananassaft;Getränke;Wine;1l Karton;
cranberrysaft;Cranberrysaft;Getränke;Wine;Ocean Spray 1l;
cola_original;Cola;Getränke;Wine;1.5l PET,6x1.25l,Zero,Dose 0.33l,6er Pack,Light;
fanta;Orangenlimonade;Getränke;Wine;1.5l PET,Zero;
sprite;Zitronenlimonade;Getränke;Wine;1.5l PET,Zero;
spezi;Cola-Mix;Getränke;Wine;Kiste 20x0.5l,Dose;
eistee;Eistee;Getränke;Wine;Lipton 1.5l,Pfanner 2l,Zitrone;
tonic_water;Tonic Water;Getränke;Wine;Indian Tonic 1l,Wild Berry,Schweppes;
bitter_lemon;Bitter Lemon;Getränke;Wine;Schweppes 1l;
ginger_ale;Ginger Ale;Getränke;Wine;Schweppes 1l;
energydrink;Energy Drink;Getränke;Wine;Dose 250ml,Sugarfree,Monster 500ml;
bier_pils;Bier;Getränke;Beer;Kiste 20x0.5l,6er Pack 0.33l,Krombacher Alkoholfrei 6er,Alkoholfrei,Erdinger / Franziskaner 20x0.5l,Weizen,Augustiner / Tegernseer 20x0.5l,Helles;
radler;Radler / Naturtrüb;Getränke;Beer;Kiste 20x0.5l;
rotwein;Rotwein;Getränke;Wine;Merlot,Primitivo,Cabernet 0.75l,Trocken;
weisswein;Weißwein;Getränke;Wine;Riesling,Grauburgunder,Chardonnay 0.75l,Trocken;
rosewein;Roséwein;Getränke;Wine;Trocken 0.75l Flasche;
prosecco;Prosecco;Getränke;Wine;0.75l Flasche;
sekt;Sekt;Getränke;Wine;Rotkäppchen / Henkell 0.75l;
champagner;Champagner;Getränke;Wine;Moët & Chandon 0.75l;
aperol;Aperol;Getränke;Wine;11% 0.7l Flasche;
gin;Gin;Getränke;Wine;Hendrick’s / Tanqueray 0.7l;
wodka;Wodka / Vodka;Getränke;Wine;Absolut / Smirnoff 0.7l;
rum;Rum;Getränke;Wine;Havana Club 3 Jahre 0.7l,Brauner,Weißer;
whiskey;Whisky;Getränke;Wine;Jack Daniel’s 0.7l,Single Malt;
filterkaffee;Kaffee;Getränke;Coffee;Jacobs Krönung 500g,Tchibo,Cappuccino,Landkaffee,Kaffeeextrakt,Arabica,Robusta,Nespresso-Kapseln,Senseo-Pads;
kaffeebohnen;Kaffee (Ganze Bohnen);Getränke;Coffee;Lavazza 1kg,Crema;
espressobohnen;Espresso-Bohnen;Getränke;Coffee;Dunkel geröstet 1kg;
kafeekapseln;Nespresso-Kapseln;Getränke;Coffee;10er Pack Volluto;
kaffeepads;Senseo-Pads;Getränke;Coffee;16er Pack Classic;
instantkaffee;Instant-Kaffee;Getränke;Coffee;Gold 200g Glas;
pfefferminztee;Pfefferminztee;Getränke;Coffee;Teekanne 20 Beutel;
kamillentee;Kamillentee;Getränke;Coffee;20 Beutel;
fruchtetee;Früchtetee;Getränke;Coffee;Hagebutte / Erdbeere 20 Beutel;
schwarztee;Schwarztee;Getränke;Coffee;Twinings 20 Beutel,Earl Grey;
gruntee;Grüner Tee;Getränke;Coffee;20 Beutel;
krautertee;Kräutertee;Getränke;Coffee;20 Beutel,Alpenkräuter;
chaitee;Chai;Getränke;Coffee;Yogi Tea 17 Beutel;
klopapier;Toilettenpapier;Haushalt;Shield;3-lagig,4-lagig,8er Pack,10er Pack;
kuchenrolle;Küchenrolle;Haushalt;Shield;4er Pack,3-lagig;
spulmittel;Spülmittel;Haushalt;Droplets;Pril / Fairy 500ml,Zitrone;
spulmaschinentabs;Spülmaschinentabs;Haushalt;Box;Finish Quantum 60er,Somat;
spulmaschinensalz;Spülmaschinensalz;Haushalt;Box;1.2kg Packung,Spezialsalz;
klarspuler;Klarspüler;Haushalt;Droplets;Finish 1l;
biomullbeutel;Bio-Müllbeutel;Haushalt;Shield;10 Liter 30 Stk,Kompostierbar;
alufolie;Alufolie;Haushalt;Box;30m Rolle,Extra stark;
frischhaltefolie;Frischhaltefolie;Haushalt;Box;75m Rolle;
backpapier;Backpapier;Haushalt;Box;Zuschnitte 30 Stk,Rolle 20m;
gefrierbeutel;Gefrierbeutel;Haushalt;Box;3 Liter 20 Stk,Ziploc,Toppits;
kuchenschwaemme;Küchenschwämme;Haushalt;Box;6er Pack mit Scheuerseite,Glitzi;
spulbuerste;Spülbürste;Haushalt;Box;Holz,Plastik;
microfasertuecher;Microfasertücher;Haushalt;Box;4er Pack bunt;
weichspueler;Weichspüler;Haushalt;Droplets;Lenor / Vernel 1l;
fleckensalz;Fleckensalz / Vanish;Haushalt;Sparkles;Oxi Action 500g;
hygienereiniger;Hygienereiniger;Haushalt;Sparkles;Wäsche-Spüler 1.5l;
allzweckreiniger;Allzweckreiniger;Haushalt;Droplets;Der General 1l,Meister Proper;
badreiniger;Badreiniger;Haushalt;Droplets;Cillit Bang 750ml,Glasreiniger,Sprühflasche 500ml;
wcgel;WC-Reiniger;Haushalt;Droplets;WC-Ente 750ml;
scheuermilch;Scheuermilch;Haushalt;Droplets;Viss 500ml;
rohrfrei;Abflussreiniger;Haushalt;Droplets;Rorax 1l Gel;
entkalker;Entkalker;Haushalt;Droplets;Durgol 2x125ml,Essigessenz;
staubsaugerbeutel;Staubsaugerbeutel;Haushalt;Box;Swirl M50 4er;
feuchte_allzwecktuecher;Feuchte Allzwecktücher;Haushalt;Box;80 Stk Packung;
papierservietten;Papier-Servietten;Haushalt;Box;33x33cm 30 Stk;
kerzen;Kerzen;Haushalt;Flame;Weiß 4er Pack;
teelichter;Teelichter;Haushalt;Flame;100er Pack 4h;
streichhoelzer;Streichhölzer;Haushalt;Flame;10er Schachteln;
feuerzeug;Stabfeuerzeug;Haushalt;Flame;Nachfüllbar 1 Stk;
insektenspray;Insektenspray;Haushalt;Shield;400ml Spray;
batterien;Batterien;Haushalt;Box;Varta / Duracell 8er,8er Pack,AAA (Micro);
schuhcreme;Schuhcreme;Haushalt;Box;Erdal 75ml,Schwarz,Farblos;
textilerfrischer;Textilerfrischer;Haushalt;Droplets;500ml Sprühflasche,Febreze;
grillanzuender;Grillanzünder;Haushalt;Flame;Öko-Würfel 32 Stk;
holzkohle;Holzkohle / Briketts;Haushalt;Flame;3kg Sack;
wolle_strickgarn;Wolle / Strickgarn;Haushalt;Box;50g Knäuel;
paketklebeband;Paketband;Haushalt;Box;Braun 50m;
tesafilm;Tesafilm / Klebestreifen;Haushalt;Box;3er Rolle;
schere;Haushaltsschere;Haushalt;Scissors;1 Stk Edelstahl;
zimmerbesen;Besen;Haushalt;Box;Set mit Schaufel;
bodenwischer;Wischmop-Ersatzbezug;Haushalt;Shield;Vileda Ultramat;
duschgel;Duschgel;Pflege & Gesundheit;Bath;Nivea / Balea 250ml,Sensitive,Sport;
shampoo;Shampoo;Pflege & Gesundheit;Bath;Head & Shoulders 300ml,Volumen,Anti-Schuppen;
haarspulung;Conditioner;Pflege & Gesundheit;Bath;200ml Flasche;
haarkur;Haarkur;Pflege & Gesundheit;Bath;300ml Tiegel;
seife_stueck;Seife;Pflege & Gesundheit;Bath;Dove 100g,Arztseife,Festes Stück;
flussigseife;Flüssigseife;Pflege & Gesundheit;Droplets;500ml Nachfüllbeutel,Aloe Vera,Spender;
zahnpasta;Zahnpasta / Zahncreme;Pflege & Gesundheit;Pill;Sensodyne 75ml,Colgate,Blend-a-med;
zahnbuerste;Zahnbürste;Pflege & Gesundheit;Pill;Mittel 2er Pack,Weich;
elektr_zahnbuerstenkoepfe;Aufsteckbürsten;Pflege & Gesundheit;Pill;4er Pack Precision Clean,Oral-B;
mundspuelung;Mundspülung;Pflege & Gesundheit;Droplets;500ml Flasche,Cool Mint;
zahnseide;Zahnseide;Pflege & Gesundheit;Pill;50m Oral-B EssentialFloss;
bodylotion;Bodylotion / Körpermilch;Pflege & Gesundheit;Bath;Nivea 400ml,Reichhaltig;
handcreme;Handcreme;Pflege & Gesundheit;Bath;Kamill 100ml,Neutrogena;
gesichtscreme;Gesichtscreme;Pflege & Gesundheit;Bath;Tagespflege 50ml,Nachtcreme;
sonnencreme;Sonnencreme;Pflege & Gesundheit;Sun;LSF 30 200ml,LSF 50+;5,6,7,8
aftersun;After-Sun-Lotion;Pflege & Gesundheit;Sun;200ml Flasche;5,6,7,8
rasiergel;Rasiergel / Rasierschaum;Pflege & Gesundheit;Bath;Gillette Fusion 200ml;
rasierer;Einwegrasierer;Pflege & Gesundheit;Scissors;5er Pack 3-Klingen;
rasierklingen;Rasierklingen;Pflege & Gesundheit;Scissors;Fusion5 4er Pack,Gillette;
aftershave;Aftershave-Balsam;Pflege & Gesundheit;Bath;Nivea Men Sensitive 100ml;
wattepads;Wattepads;Pflege & Gesundheit;Box;140 Stk Packung;
wattestaebchen;Wattestäbchen;Pflege & Gesundheit;Box;300 Stk Packung;
taschentuch_box;Abschminktücher;Pflege & Gesundheit;Box;100 Stk Box 3-lagig;
taschentuch_pack;Taschentücher;Pflege & Gesundheit;Box;30x10er Pack;
feuchttuecher_baby;Feuchttücher;Pflege & Gesundheit;Box;Pampers 4er Pack,Baby;
damenbinden;Damenbinden;Pflege & Gesundheit;Heart;Ultra Normal 14 Stk,Always;
tampons;Tampons;Pflege & Gesundheit;Heart;Normal 56 Stk,Super,o.b.;
slipeinlagen;Slipeinlagen;Pflege & Gesundheit;Heart;50 Stk Packung;
pflaster;Pflaster-Sortiment;Pflege & Gesundheit;Heart;20 Stk Strips,Wasserfest,Hansaplast;
blasenpflaster;Blasenpflaster;Pflege & Gesundheit;Heart;5 Stk Fersengröße,Compeed;
verbandpaeckchen;Verband;Pflege & Gesundheit;Heart;DIN 13151-M;
desinfektionsspray;Desinfektionsspray;Pflege & Gesundheit;Droplets;250ml Flasche,Händedesinfektion,Sagrotan;
wundsalbe;Wund- und Heilsalbe;Pflege & Gesundheit;Pill;50g Tube,Bepanthen;
kopfschmerztabletten;Ibuprofen 400 / Paracetamol;Pflege & Gesundheit;Pill;20 Filmtabletten;
erkaltungsbad;Erkältungsbad;Pflege & Gesundheit;Bath;Kneipp 100ml,Eukalyptus;
fieberthermometer;Fieberthermometer;Pflege & Gesundheit;Thermometer;Digital 1 Stk;
nasenspray;Nasenspray;Pflege & Gesundheit;Droplets;Ratiopharm 10ml,Meersalz,Abschwellend;
hustensaft;Hustensaft;Pflege & Gesundheit;Soup;100ml Flasche,Prospan,Mucosolvan;
magnesium;Magnesium-Brausetabletten;Pflege & Gesundheit;Pill;20er Röhrchen 400mg;
vitaminc;Vitamin C + Zink Brause;Pflege & Gesundheit;Pill;20er Röhrchen;
multivitamin;Multivitamin-Komplex;Pflege & Gesundheit;Pill;100 Kapseln;
augentropfen;Augentropfen;Pflege & Gesundheit;Droplets;10ml Flasche,Befeuchtend;
haarfarbe;Haarfarbe;Pflege & Gesundheit;Bath;Dunkelbraun,Blond;
haarspray;Haarspray;Pflege & Gesundheit;Bath;250ml Dose,Taft;
haargel;Haargel;Pflege & Gesundheit;Bath;150ml Dose;
nagellackentferner;Nagellackentferner;Pflege & Gesundheit;Droplets;Acetonfrei 200ml;
nagelfeile;Nagelfeile;Pflege & Gesundheit;Scissors;Glasfeile 1 Stk;
schokoriegel;Schokoriegel;Süssigkeiten;Cookie;;
geschenkgutschein;Geschenkgutschein;Pflege & Gesundheit;Heart;;
kochkaese;Kochkäse;Käse;Layers;;
minze;Minze;Obst;Apple;;
avocado;Avocado;Gemüse;Carrot;;
lyoner;Lyoner;Fleisch;Flame;;
smoothie;Smoothie;Getränke;Wine;;
ingwershot;Ingwershot;Getränke;Wine;;
marmelade;Marmelade;Grundzutaten;Egg;;
ayvar;Ayvar;Grundzutaten;Egg;;
keimoel;Keimöl;Grundzutaten;Droplets;;
oliven;Oliven;Gemüse;Carrot;;
vitaminwasser;Vitaminwasser;Getränke;Wine;;
cachaca;Cachaca;Getränke;Wine;;
margarine;Margarine;Milchprodukte;Milk;;
weingummi;Weingummi;Süssigkeiten;Cookie;;
waffeln;Waffeln;Brot & Gebäck;Wheat;;
krustenbraten;Krustenbraten;Fleisch;Flame;;
reinigungstuecher;Reinigungstücher;Haushalt;Shield;;
schwamm;Schwamm;Haushalt;Box;Topfschwamm,Tuchschwamm,Küchenschwamm;
milchsnack;Milchsnack;Milchprodukte;Milk;;
pralinen;Pralinen;Süssigkeiten;Cookie;;
rindfleisch;Rindfleisch;Fleisch;Beef;Rinderbraten,Burger-Patties,Rouladen,Filet,Spieße,Geschnetzeltes,Tafelspitz,1kg Stück,Frisch,TK;
artischocken;Artischocken;Gemüse;Carrot;;
brandy;Brandy;Getränke;Wine;Weinbrand,Cognac,0.7l;
brotchips;Brotchips;Süssigkeiten;Cookie;Knoblauch,Zwiebel,Knusprig,200g;
cocktail;Cocktail;Getränke;Wine;Mojito,Caipirinha,Pina Colada,Fertigmix,Dose;
essig;Essig;Grundzutaten;Wine;Tafelessig,Essigessenz,Kräuteressig,500ml;
fleischwurst;Fleischwurst;Fleisch;Flame;Im Ring,Mit Knoblauch,Geflügel-Fleischwurst,500g;
frikadellen;Frikadellen;Fleisch;Flame;Frikadellen / Buletten,500g,Geflügelfrikadellen,Kühlregal;
gelierzucker;Gelierzucker;Grundzutaten;Egg;1:1,2:1,3:1,500g Packung;
grappa;Grappa;Getränke;Wine;Italienisch,0.7l Flasche;
kohlrabi;Kohlrabi;Gemüse;Carrot;1 Stk,Mit Grün,2 Stk;5,6,7,8,9,10
leber;Leber;Fleisch;Flame;Rinderleber,Geflügelleber,Schweineleber,500g;
likor;Likör;Getränke;Wine;Eierlikör,Kräuterlikör,Fruchtlikör,0.7l;
limoncello;Limoncello;Getränke;Wine;Zitronenlikör,0.5l Flasche,Gekühlt;
malzbier;Malzbier;Getränke;Beer;Karakter,6er Pack,0.33l Flasche;
mocktail;Mocktail;Getränke;Wine;Alkoholfrei,Ipanema,Virgin Mojito,Dose;
pistazien;Pistazien;Getreideprodukte;Nut;Geröstet & Gesalzen,Ungesalzen,200g Beutel;
schnaps;Schnaps;Getränke;Wine;Obstler,Korn,Willi,0.7l;
triple_sec;Triple Sec;Getränke;Wine;Cointreau,Orangenlikör,0.7l Flasche;
hahnchen;Hähnchen;Fleisch;Drumstick;Hähnchenbrustfilet,Hähnchenflügel / Wings,Hähnchenkeulen / Schenkel,500g,1kg,Bio;
schwein;Schwein;Fleisch;Flame;Schweinebauch,Schweinebraten / Nacken,Schweinefilet,Schweinemett / Hackepeter,500g,1kg;
quark;Quark;Milchprodukte;Milk;Magerquark,Speisequark 40%,250g,500g Becher;
bruhe;Brühe;Grundzutaten;Soup;Gemüsebrühe,Hühnerbrühe,Rinderbrühe,Glas 400ml,Würfel;
pesto;Pesto;Grundzutaten;Package;Pesto Genovese,Pesto Rosso,Glas 190g;
mehl;Mehl;Grundzutaten;Wheat;Weizenmehl Type 405,Weizenmehl Type 550,Dinkelmehl Type 630,Vollkornmehl,1kg Packung;
waschmittel;Waschmittel;Haushalt;Shield;Colorwaschmittel,Feinwaschmittel / Wolle,Vollwaschmittel,Pulver,Flüssig;
mullbeutel;Müllbeutel;Haushalt;Shield;Müllbeutel 35 Liter,Müllbeutel 60 Liter,Bio 10 Liter,Mit Zugband;
deo;Deo;Pflege & Gesundheit;Bath;Deodorant-Spray,Deoroller / Deo-Stick,Ohne Aluminium;